molecule_chembl_id,canonical_smiles,standard_value,bioactivity_class
CHEMBL112159,Nc1ncnc2c1ncn2C[C@H]1COP(=O)(O)CO1,48000.0,inactive
CHEMBL113930,Nc1ncnc2c1ncn2C[C@@H](CO)OP(=O)(O)O,22000.0,inactive
CHEMBL494759,Nc1ncnc2c1ncn2C[C@H](O)CO,54000.0,inactive
CHEMBL114867,Nc1ncnc2c1ncn2C[C@@H]1COP(=O)(O)CO1,350000.0,inactive
CHEMBL321500,Nc1ncnc2c1ncn2C[C@@H](O)CO,500000.0,inactive
CHEMBL326139,Nc1ncnc2c1ncn2C[C@H](CO)OP(=O)(O)O,300000.0,inactive
CHEMBL1643,NC(=O)c1ncn([C@@H]2O[C@H](CO)[C@@H](O)[C@H]2O)n1,145000.0,inactive
CHEMBL392630,Nc1ccn(C[C@H]2COP(=O)(O)CO2)c(=O)n1,760000.0,inactive
CHEMBL152,Nc1ccn(C[C@@H](CO)OCP(=O)(O)O)c(=O)n1,505000.0,inactive
CHEMBL3290663,Nc1ncc(F)c2c1ncn2[C@@H]1C[C@H](O)[C@@H](O)[C@H]1O,320.0,active
CHEMBL3357216,Nc1ncc(F)c2c1ncn2[C@@H]1C[C@H](CCO)[C@@H](O)[C@H]1O,320.0,active
CHEMBL3357215,Nc1ncc(F)c2c1ncn2[C@@H]1C[C@H](CO)[C@@H](O)[C@H]1O,320.0,active
